<?xml version="1.0" encoding="ISO-8859-1"?>
<!-- Edited by XMLSpy� -->
<pages>
<link>
<title>HTML DOM alt Property</title>
<url>http://www.w3schools.com/htmldom/prop_img_alt.asp</url>
</link>
<link>
<title>HTML DOM height Property</title>
<url>http://www.w3schools.com/htmldom/prop_img_height.asp</url>
</link>
<link>
<title>HTML a tag</title>
<url>http://www.w3schools.com/tags/tag_a.asp</url>
</link>
<link>
<title>HTML br tag</title>
<url>http://www.w3schools.com/tags/tag_br.asp</url>
</link>
<link>
<title>CSS background Property</title>
<url>http://www.w3schools.com/css/pr_background.asp</url>
</link>
<link>
<title>CSS border Property</title>
<url>http://www.w3schools.com/css/pr_border.asp</url>
</link>
<link>
<title>JavaScript Date() Method</title>
<url>http://www.w3schools.com/jsref/jsref_date.asp</url>
</link>
<link>
<title>JavaScript anchor() Method</title>
<url>http://www.w3schools.com/jsref/jsref_anchor.asp</url>
</link>
</pages>